submission_id,problem_id,language,difficulty,proficiency_group,verdict_true,verdict_pred,reasoning,parse_success,parse_method,code_truncated,model_name
s750870557,p02793,Python,E,G6,AC,AC,,1,token_fallback,0,data/models/Qwen--Qwen2.5-Coder-7B-Instruct
s309500501,p02793,Python,E,G5,AC,AC,,1,token_fallback,0,data/models/Qwen--Qwen2.5-Coder-7B-Instruct
s724726618,p02793,Python,E,G6,AC,WA,"The provided code calculates the LCM of all elements in the array and then computes the sum of the quotients when each element divides the LCM. This approach ensures that the product of each element and its corresponding quotient equals the LCM for all pairs. However, the code does not handle edge cases where the input array contains duplicate elements correctly. Specifically, the code multiplies the LCM by the quotient of each element divided by the current LCM, which can lead to incorrect results if the same element appears multiple times in the array.",1,fenced_json,0,data/models/Qwen--Qwen2.5-Coder-7B-Instruct
s656914834,p02793,Python,E,G6,AC,AC,,1,token_fallback,0,data/models/Qwen--Qwen2.5-Coder-7B-Instruct
s663707098,p02793,Python,E,G5,AC,AC,"The code correctly calculates the minimum possible value of B_1 + ... + B_N by finding the least common multiple (LCM) of the input array A and then dividing each element of A by its LCM to get the corresponding B_i. The result is then taken modulo 10^9 + 7. This approach ensures that the condition A_i * B_i = A_j * B_j holds for all pairs (i, j). The code handles all edge cases and constraints provided in the problem statement.",1,fenced_json,0,data/models/Qwen--Qwen2.5-Coder-7B-Instruct
s089563429,p02793,Python,E,G6,AC,TLE,,1,token_fallback,0,data/models/Qwen--Qwen2.5-Coder-7B-Instruct
s840648933,p02793,Python,E,G6,AC,AC,,1,token_fallback,0,data/models/Qwen--Qwen2.5-Coder-7B-Instruct
s389123426,p02793,Python,E,G5,AC,AC,,1,token_fallback,0,data/models/Qwen--Qwen2.5-Coder-7B-Instruct
s858013207,p02793,Python,E,G6,AC,AC,,1,token_fallback,0,data/models/Qwen--Qwen2.5-Coder-7B-Instruct
s322530542,p02793,Python,E,G6,AC,RE,"The provided code calculates the least common multiple (LCM) of all elements in the array and then computes the sum of the quotients of each element divided by the LCM. This approach ensures that the product of each element and its corresponding quotient equals the LCM, satisfying the given condition. However, the code does not handle edge cases where the input array contains zeros or very large numbers that could lead to overflow issues. Additionally, the code does not explicitly check if the input array is empty, which could also cause runtime errors.",1,fenced_json,0,data/models/Qwen--Qwen2.5-Coder-7B-Instruct
s151119755,p02793,Python,E,G6,AC,RE,"The provided code calculates the least common multiple (LCM) of all elements in the array and then computes the sum of the quotients of each element divided by the LCM. This approach ensures that the product of each element and its corresponding quotient equals the LCM, satisfying the given condition. However, the code does not handle edge cases where the input array contains zeros or very large numbers that could lead to overflow issues. Additionally, the code does not explicitly check if the input array is empty, which could also cause runtime errors.",1,fenced_json,0,data/models/Qwen--Qwen2.5-Coder-7B-Instruct
s334323554,p02793,Python,E,G6,AC,WA,"The code attempts to calculate the minimum possible value of B_1 + ... + B_N by finding the least common multiple (LCM) of the input numbers A_1, ..., A_N and then multiplying it by the product of their modular inverses modulo (10^9 + 7). However, the code contains a logical error in the calculation of the LCM. Instead of using the maximum power of each prime factor found in the prime factorization of the input numbers, the code uses the count of each prime factor. This leads to incorrect results for some test cases.",1,fenced_json,0,data/models/Qwen--Qwen2.5-Coder-7B-Instruct
s297386184,p02793,Python,E,G6,AC,AC,,1,token_fallback,0,data/models/Qwen--Qwen2.5-Coder-7B-Instruct
s002525524,p02793,Python,E,G5,AC,RE,"The provided solution calculates the greatest common divisor (GCD) of all elements in the list and then divides each element by its GCD to get the minimum possible value of B_i. This approach ensures that the condition A_i * B_i = A_j * B_j holds for all pairs (i, j). The solution also takes care of the modulo operation to handle large numbers. However, the solution does not handle edge cases where the input list contains zeros, which could lead to division by zero errors.",1,fenced_json,0,data/models/Qwen--Qwen2.5-Coder-7B-Instruct
s119917151,p02793,Python,E,G6,AC,AC,,1,token_fallback,0,data/models/Qwen--Qwen2.5-Coder-7B-Instruct
s695624971,p02793,Python,E,G6,AC,TLE,,1,token_fallback,0,data/models/Qwen--Qwen2.5-Coder-7B-Instruct
s026975020,p02793,Python,E,G6,AC,AC,"The provided code calculates the LCM of the input array and then computes the sum of the quotients when each element is divided by its GCD with the current LCM. This approach ensures that the product of each element and its corresponding quotient remains constant for all elements, satisfying the given condition. However, the code does not handle edge cases where the input array contains zeros or very large numbers that could lead to overflow issues. Additionally, the code does not explicitly check for the correctness of the solution against known outputs for various test cases.",1,fenced_json,0,data/models/Qwen--Qwen2.5-Coder-7B-Instruct
s215286972,p02793,Python,E,G6,AC,TLE,,1,token_fallback,0,data/models/Qwen--Qwen2.5-Coder-7B-Instruct
s140578347,p02793,Python,E,G6,AC,RE,"The provided code calculates the least common multiple (LCM) of the input array elements and then computes the sum of their modular inverses. However, the code does not handle edge cases such as when the input array contains zeros or very large numbers that could lead to overflow issues. Additionally, the code uses integer division which might not always yield the expected results due to the nature of floating-point arithmetic in Python.",1,fenced_json,0,data/models/Qwen--Qwen2.5-Coder-7B-Instruct
s487023337,p02793,Python,E,G6,AC,AC,"The code calculates the LCM of all elements in the array and then divides by each element to get the corresponding B_i. This approach ensures that the condition A_i * B_i = A_j * B_j holds for all pairs (i, j). The final result is taken modulo 10^9 + 7. The code handles the constraints efficiently and correctly computes the minimum possible value of B_1 + ... + B_N.",1,fenced_json,0,data/models/Qwen--Qwen2.5-Coder-7B-Instruct
s668465070,p02793,Python,E,G6,AC,WA,"The code uses NumPy for efficient array operations, which is generally acceptable for competitive programming problems. However, the use of `pow` with three arguments for modular exponentiation might not be necessary and could be replaced by built-in functions like `pow(x, y, m)` directly. The main issue is that the code does not handle edge cases properly, such as when the input list contains very large numbers or repeated elements. Additionally, the code does not consider the constraints carefully, which could lead to incorrect results.",1,fenced_json,0,data/models/Qwen--Qwen2.5-Coder-7B-Instruct
s278975612,p02793,Python,E,G6,AC,WA,"The code appears to implement a solution using prime factorization and modular arithmetic to find the minimum possible value of B_1 + ... + B_N. However, without testing on hidden or edge-case inputs, we cannot guarantee its correctness. The code may pass the provided samples but fail on larger or more complex inputs.",1,fenced_json,0,data/models/Qwen--Qwen2.5-Coder-7B-Instruct
s840925889,p02793,Python,E,G6,AC,WA,"The code correctly calculates the least common multiple (LCM) of the prime factors of the input numbers and then uses the modular inverse to compute the result. However, the code does not handle edge cases where the input numbers are very large, which could lead to overflow issues. Additionally, the code does not check if the input numbers are valid (i.e., they should be positive integers).",1,fenced_json,0,data/models/Qwen--Qwen2.5-Coder-7B-Instruct
s224608195,p02793,Python,E,G6,AC,AC,,1,token_fallback,0,data/models/Qwen--Qwen2.5-Coder-7B-Instruct
s129873900,p02793,Python,E,G6,AC,TLE,"The code calculates the least common multiple (LCM) of all input numbers and then uses modular arithmetic to compute the result. However, the approach might not handle very large inputs efficiently, which could lead to a Time Limit Exceeded (TLE) verdict.",1,fenced_json,0,data/models/Qwen--Qwen2.5-Coder-7B-Instruct
s872180676,p02793,Python,E,G6,WA,RE,"The code calculates the least common multiple (LCM) of all input numbers and then uses modular inverses to compute the sum of B_i values. However, the code does not handle edge cases where the input list contains zeros, which would cause division by zero errors when calculating the modular inverse. Additionally, the code does not explicitly check if the input list is empty, which could lead to undefined behavior.",1,fenced_json,0,data/models/Qwen--Qwen2.5-Coder-7B-Instruct
s820320025,p02793,Python,E,G6,WA,TLE,"The code calculates the least common multiple (LCM) of all input numbers and then divides each number by its LCM to get the corresponding B_i value. However, the code breaks early if the execution time exceeds 0.5 seconds, which could lead to incorrect results for large inputs where the LCM calculation takes longer than expected.",1,fenced_json,0,data/models/Qwen--Qwen2.5-Coder-7B-Instruct
s353650627,p02793,Python,E,G6,WA,WA,"The code attempts to solve the problem by factorizing each number and then calculating the minimum possible value of B_i. However, the logic for combining the factors and calculating the final result seems flawed. Specifically, the use of bitwise AND operation to combine factors and the subsequent calculation of powers might lead to incorrect results. Additionally, the code does not handle edge cases properly, such as when all numbers are the same.",1,fenced_json,0,data/models/Qwen--Qwen2.5-Coder-7B-Instruct
s315029116,p02793,Python,E,G6,WA,RE,"The code prints 'fuck' before calculating the result, which indicates a runtime error.",1,fenced_json,0,data/models/Qwen--Qwen2.5-Coder-7B-Instruct
s340446933,p02793,Python,E,G6,WA,WA,"The provided code attempts to solve the problem by factorizing each number and then calculating the minimum possible sum of B_i values. However, the logic for calculating the minimum sum is flawed. Specifically, the code multiplies the current product by the prime factors raised to the power of their maximum count minus the count in the current position, which does not necessarily yield the minimum sum. Additionally, the code does not handle edge cases properly, such as when the input array contains numbers with very high prime factors.",1,fenced_json,0,data/models/Qwen--Qwen2.5-Coder-7B-Instruct
s492031311,p02793,Python,E,G6,WA,AC,"The code correctly calculates the least common multiple (LCM) of all elements in the array and then computes the sum of LCM divided by each element, which is the minimum possible value of B_1 + ... + B_N. It handles all edge cases and constraints provided in the problem statement.",1,fenced_json,0,data/models/Qwen--Qwen2.5-Coder-7B-Instruct
s967962669,p02793,Python,E,G6,WA,WA,"The provided code calculates the least common multiple (LCM) of all input numbers and then divides each number by its LCM to get the corresponding B_i value. However, the LCM calculation is incorrect. It should use the formula `lcm = a * b // gcd(a, b)` instead of `lcm = a // gcd(a, lcm) * lcm`. This mistake leads to incorrect results, causing a Wrong Answer.",1,fenced_json,0,data/models/Qwen--Qwen2.5-Coder-7B-Instruct
s817492968,p02793,Python,E,G6,WA,RE,"The code attempts to calculate the minimum possible value of B_1 + ... + B_N by using the greatest common divisor (GCD) to normalize the array A. However, the approach to calculating B_i involves raising A_i to a very high power (10^9+5) which can lead to overflow issues. Additionally, the use of pow function with three arguments for modular exponentiation might not be necessary and could be simplified.",1,fenced_json,0,data/models/Qwen--Qwen2.5-Coder-7B-Instruct
s421292224,p02793,Python,E,G6,WA,RE,,1,token_fallback,0,data/models/Qwen--Qwen2.5-Coder-7B-Instruct
s611945366,p02793,Python,E,G5,WA,AC,,1,token_fallback,0,data/models/Qwen--Qwen2.5-Coder-7B-Instruct
s406646158,p02793,Python,E,G6,WA,WA,,1,token_fallback,0,data/models/Qwen--Qwen2.5-Coder-7B-Instruct
s052299385,p02793,Python,E,G5,WA,AC,,1,token_fallback,0,data/models/Qwen--Qwen2.5-Coder-7B-Instruct
s085493220,p02793,Python,E,G6,WA,WA,,1,token_fallback,0,data/models/Qwen--Qwen2.5-Coder-7B-Instruct
s024402825,p02793,Python,E,G6,WA,AC,,1,token_fallback,0,data/models/Qwen--Qwen2.5-Coder-7B-Instruct
s000168725,p02793,Python,E,G5,WA,RE,"The code calculates the least common multiple (LCM) of all input numbers and then divides each number by its LCM and a constant prime number to get the corresponding B_i value. However, the division operation should be done using integer division to avoid floating-point results. Additionally, the code does not handle the case where the LCM is zero, which could lead to division by zero errors.",1,fenced_json,0,data/models/Qwen--Qwen2.5-Coder-7B-Instruct
s030541166,p02793,Python,E,G6,WA,AC,,1,token_fallback,0,data/models/Qwen--Qwen2.5-Coder-7B-Instruct
s513533174,p02793,Python,E,G4,WA,WA,"The submitted code always prints '10' regardless of the input, which is incorrect. It should calculate the minimum possible value of B_1 + ... + B_N based on the given condition.",1,fenced_json,0,data/models/Qwen--Qwen2.5-Coder-7B-Instruct
s729572547,p02793,Python,E,G6,WA,WA,"The code attempts to calculate the minimum possible value of B_1 + ... + B_N by finding the least common multiple (LCM) of the prime factorizations of the input numbers and then using modular arithmetic. However, the code does not correctly handle edge cases, such as when the input list contains duplicate numbers. Additionally, the code may exceed the time limit for large inputs due to its inefficient prime factorization method.",1,fenced_json,0,data/models/Qwen--Qwen2.5-Coder-7B-Instruct
s478514618,p02793,Python,E,G6,WA,AC,,1,token_fallback,0,data/models/Qwen--Qwen2.5-Coder-7B-Instruct
s142822747,p02793,Python,E,G6,WA,RE,"The code calculates the least common multiple (LCM) of the prime factorizations raised to the maximum power found in each position across all numbers. It then divides the LCM by each number to get the corresponding B_i value. This approach ensures that the product A_i * B_i remains constant for all i. The code handles edge cases like when all A_i are the same by setting B_i to 1. However, the code does not handle very large numbers efficiently, which could lead to overflow issues. Additionally, the code does not explicitly check for divisibility by zero, which could cause a runtime error.",1,fenced_json,0,data/models/Qwen--Qwen2.5-Coder-7B-Instruct
s852861822,p02793,Python,E,G5,WA,AC,,1,token_fallback,0,data/models/Qwen--Qwen2.5-Coder-7B-Instruct
s591687240,p02793,Python,E,G6,WA,WA,"The code attempts to compute the minimum possible value of B_1 + ... + B_N by finding the least common multiple (LCM) of the input array A and then using modular inverses to calculate the result. However, the code contains several issues that could lead to incorrect results or runtime errors. Specifically, the use of `fractions.gcd` instead of `math.gcd` could cause issues, and the handling of large numbers might lead to overflow. Additionally, the code does not handle edge cases properly, such as when the input array contains very large numbers.",1,fenced_json,0,data/models/Qwen--Qwen2.5-Coder-7B-Instruct
s112722661,p02793,Python,E,G6,WA,RE,"The code attempts to compute the minimum possible value of B_1 + ... + B_N by ensuring that A_i * B_i = A_j * B_j for all i, j. However, the logic for calculating B_i involves division which can lead to integer overflow issues when dealing with large numbers. Additionally, the code does not handle edge cases where the input list A contains repeated elements correctly.",1,fenced_json,0,data/models/Qwen--Qwen2.5-Coder-7B-Instruct
s287327151,p02793,Python,E,G6,WA,AC,,1,token_fallback,0,data/models/Qwen--Qwen2.5-Coder-7B-Instruct
s464411576,p02793,Python,E,G6,WA,RE,"The code calculates the least common multiple (LCM) of the input numbers and then uses modular multiplicative inverses to compute the result. However, the code does not handle edge cases where the LCM might exceed the maximum integer limit or where the modular inverse calculation might fail due to a non-invertible number.",1,fenced_json,0,data/models/Qwen--Qwen2.5-Coder-7B-Instruct
s278050216,p02793,Python,E,G6,TLE,AC,,1,token_fallback,0,data/models/Qwen--Qwen2.5-Coder-7B-Instruct
s909146862,p02793,Python,E,G5,TLE,AC,"The code correctly calculates the minimum possible value of B_1 + ... + B_N by finding the least common multiple (LCM) of the input numbers and then dividing each number by its LCM component. This approach ensures that the condition A_i * B_i = A_j * B_j holds for all pairs (i, j). The code handles edge cases like when all input numbers are the same, and it uses efficient prime factorization and modular arithmetic operations. There are no known bugs or issues with the provided code.",1,fenced_json,0,data/models/Qwen--Qwen2.5-Coder-7B-Instruct
s787595723,p02793,Python,E,G6,TLE,AC,"The provided solution calculates the least common multiple (LCM) of all elements in the array and then sums up the quotients when dividing the LCM by each element. This approach ensures that the product of each element and its corresponding quotient equals the LCM, satisfying the given condition. The solution handles edge cases like identical elements correctly and works efficiently within the constraints.",1,fenced_json,0,data/models/Qwen--Qwen2.5-Coder-7B-Instruct
s967470498,p02793,Python,E,G5,TLE,WA,"The code calculates the greatest common divisor (GCD) of all elements in the array and then divides each element by its GCD to get the minimum possible value of B_i. However, the code does not handle edge cases where the input array contains zeros or very large numbers that could cause overflow issues. Additionally, the code does not consider the possibility of negative numbers in the input array.",1,fenced_json,0,data/models/Qwen--Qwen2.5-Coder-7B-Instruct
s104519507,p02793,Python,E,G6,TLE,WA,"The code attempts to compute the minimum possible value of B_1 + ... + B_N by ensuring that for any i, j such that 1 ≤ i < j ≤ N, A_i * B_i = A_j * B_j holds. It uses prime factorization and modular exponentiation to achieve this. However, the approach does not correctly handle the minimization of B_i values, leading to incorrect results for some test cases.",1,fenced_json,0,data/models/Qwen--Qwen2.5-Coder-7B-Instruct
s182503328,p02793,Python,E,G5,TLE,WA,"The provided code calculates the LCM of all elements in the array and then computes the sum of the quotients when each element divides the LCM. However, this approach does not guarantee the minimum possible value of B_i for each A_i. The code also lacks proper handling of edge cases and potential integer overflow issues.",1,fenced_json,0,data/models/Qwen--Qwen2.5-Coder-7B-Instruct
s661535306,p02793,Python,E,G6,TLE,AC,,1,token_fallback,0,data/models/Qwen--Qwen2.5-Coder-7B-Instruct
s017077108,p02793,Python,E,G6,TLE,RE,"The code uses NumPy for array operations, which may lead to performance issues for large inputs due to the overhead of creating and manipulating arrays. However, the primary issue is that the code does not handle the case where the LCM calculation might result in an integer overflow, which could cause a runtime error.",1,fenced_json,0,data/models/Qwen--Qwen2.5-Coder-7B-Instruct
s207501433,p02793,Python,E,G6,TLE,TLE,"The code attempts to calculate the minimum possible value of B_1 + ... + B_N by finding a common multiple X for all A_i and then using modular arithmetic to compute the result. However, the calculation of X using gcd and multiplication might lead to overflow issues, especially when dealing with large numbers. Additionally, the use of pow function with large exponents could also cause performance issues.",1,fenced_json,0,data/models/Qwen--Qwen2.5-Coder-7B-Instruct
s674982579,p02793,Python,E,G6,TLE,AC,"The code calculates the least common multiple (LCM) of all input numbers and then sums up the quotients when dividing the LCM by each individual number. This approach ensures that the product of each number and its corresponding quotient equals the LCM, satisfying the given condition. The code handles edge cases like large inputs and repeated numbers correctly. There are no bugs identified that would cause a runtime error, compile error, or incorrect output.",1,fenced_json,0,data/models/Qwen--Qwen2.5-Coder-7B-Instruct
s317817690,p02793,Python,E,G6,TLE,AC,,1,token_fallback,0,data/models/Qwen--Qwen2.5-Coder-7B-Instruct
s253473885,p02793,Python,E,G6,TLE,AC,,1,token_fallback,0,data/models/Qwen--Qwen2.5-Coder-7B-Instruct
s458643749,p02793,Python,E,G6,TLE,AC,,1,token_fallback,0,data/models/Qwen--Qwen2.5-Coder-7B-Instruct
s106589260,p02793,Python,E,G5,TLE,AC,The code correctly calculates the minimum possible value of B_1 + ... + B_N by finding the least common multiple (LCM) of the input array A and then dividing each element of A by its LCM to get the corresponding B_i. The result is taken modulo 10^9 + 7. The code handles all edge cases and constraints provided in the problem statement.,1,fenced_json,0,data/models/Qwen--Qwen2.5-Coder-7B-Instruct
s582406105,p02793,Python,E,G5,TLE,AC,"The code correctly calculates the greatest common divisor (GCD) of all input numbers and then finds the least common multiple (LCM) of these GCD-divided numbers. It sums up the LCM divided by each number in the array, which should give the minimum possible value of B_1 + ... + B_N. The code handles edge cases like when all numbers are the same and works within the constraints.",1,fenced_json,0,data/models/Qwen--Qwen2.5-Coder-7B-Instruct
s704948868,p02793,Python,E,G5,TLE,CE,The code uses the `fractions` module which is available in Python 2 but not in Python 3. This will cause a Compile Error (CE) when run under Python 3.,1,fenced_json,0,data/models/Qwen--Qwen2.5-Coder-7B-Instruct
s913263627,p02793,Python,E,G6,TLE,AC,,1,token_fallback,0,data/models/Qwen--Qwen2.5-Coder-7B-Instruct
s259397340,p02793,Python,E,G6,TLE,AC,"The code uses modular exponentiation correctly and handles large numbers efficiently. It calculates the least common multiple (LCM) of the prime factors raised to their maximum powers found in the input array. Then, it computes the result using Fermat's little theorem for modular multiplicative inverses. The code should work correctly for all valid inputs within the constraints.",1,fenced_json,0,data/models/Qwen--Qwen2.5-Coder-7B-Instruct
s977645862,p02793,Python,E,G6,TLE,AC,,1,token_fallback,0,data/models/Qwen--Qwen2.5-Coder-7B-Instruct
s583322253,p02793,Python,E,G6,TLE,AC,,1,token_fallback,0,data/models/Qwen--Qwen2.5-Coder-7B-Instruct
s063024903,p02793,Python,E,G6,TLE,AC,,1,token_fallback,0,data/models/Qwen--Qwen2.5-Coder-7B-Instruct
s898617000,p02793,Python,E,G6,TLE,AC,"The code correctly calculates the minimum possible value of B_1 + ... + B_N by finding the least common multiple (LCM) of the prime factors of the input array A. It then computes the product of each prime factor raised to the power of its maximum count in the LCM and multiplies these products together. The result is taken modulo 10^9 + 7. This approach ensures that the condition A_i * B_i = A_j * B_j holds for all pairs (i, j). The code handles edge cases such as when all elements in A are the same, and it efficiently computes the LCM using prime factorization.",1,fenced_json,0,data/models/Qwen--Qwen2.5-Coder-7B-Instruct
s196664771,p02793,Python,E,G5,TLE,WA,"The code attempts to find the least common multiple (LCM) of the array elements by iteratively computing the LCM of pairs. However, it does not handle edge cases where the input array contains very large numbers or repeated elements efficiently. Additionally, the code does not consider the possibility of overflow when calculating the LCM.",1,fenced_json,0,data/models/Qwen--Qwen2.5-Coder-7B-Instruct
s792897107,p02793,Python,E,G6,TLE,AC,,1,token_fallback,0,data/models/Qwen--Qwen2.5-Coder-7B-Instruct
s748825840,p02793,Python,E,G6,TLE,AC,,1,token_fallback,0,data/models/Qwen--Qwen2.5-Coder-7B-Instruct
s876829114,p02793,Python,E,G5,RE,WA,"The code calculates the least common multiple (LCM) of all input numbers and then divides each number by its LCM to get the corresponding B_i. However, the division operation should result in an integer, but due to floating-point arithmetic, it might not always be exact. This could lead to a WA if the final sum exceeds the expected modulo value.",1,fenced_json,0,data/models/Qwen--Qwen2.5-Coder-7B-Instruct
s427956554,p02793,Python,E,G6,RE,AC,,1,token_fallback,0,data/models/Qwen--Qwen2.5-Coder-7B-Instruct
s125307082,p02793,Python,E,G5,RE,RE,,1,token_fallback,0,data/models/Qwen--Qwen2.5-Coder-7B-Instruct
s612019729,p02793,Python,E,G6,RE,CE,The provided code is written in C++ but submitted as Python. This mismatch between the declared language and the actual code leads to a Compile Error (CE).,1,fenced_json,0,data/models/Qwen--Qwen2.5-Coder-7B-Instruct
s038731828,p02793,Python,E,G6,RE,WA,,1,token_fallback,0,data/models/Qwen--Qwen2.5-Coder-7B-Instruct
s290049151,p02793,Python,E,G5,RE,WA,"The provided code calculates the minimum possible value of B_1 + ... + B_N by finding the greatest common divisor (GCD) of each pair of adjacent elements in the input array and adjusting the B_i values accordingly. However, the code does not handle edge cases where the input array contains duplicate values or when the GCD calculation results in zero. Additionally, the code does not account for the possibility of integer overflow when calculating the product of B_i values.",1,fenced_json,0,data/models/Qwen--Qwen2.5-Coder-7B-Instruct
s623465221,p02793,Python,E,G5,RE,TLE,,1,token_fallback,0,data/models/Qwen--Qwen2.5-Coder-7B-Instruct
s817921305,p02793,Python,E,G5,RE,AC,,1,token_fallback,0,data/models/Qwen--Qwen2.5-Coder-7B-Instruct
s587159926,p02793,Python,E,G5,RE,WA,,1,token_fallback,0,data/models/Qwen--Qwen2.5-Coder-7B-Instruct
s869953986,p02793,Python,E,G5,RE,RE,"The code uses NumPy for array operations, which may lead to performance issues due to the overhead of importing and using external libraries. However, the main issue is that the code does not handle the input correctly. The input should be read as an integer first to determine the number of elements, then the actual list of integers. The current implementation reads the entire input as a string and attempts to convert it directly into an array, which will fail for large inputs.",1,fenced_json,0,data/models/Qwen--Qwen2.5-Coder-7B-Instruct
s166993637,p02793,Python,E,G6,RE,RE,"The code calculates the least common multiple (LCM) of all elements in the array and then uses modular multiplicative inverses to compute the result. However, the code does not handle edge cases where the LCM might exceed the maximum integer limit, which could lead to overflow errors. Additionally, the code assumes that the input size is manageable for the operations performed, which might not hold true for very large inputs.",1,fenced_json,0,data/models/Qwen--Qwen2.5-Coder-7B-Instruct
s504698428,p02793,Python,E,G6,RE,AC,,1,token_fallback,0,data/models/Qwen--Qwen2.5-Coder-7B-Instruct
s178954560,p02793,Python,E,G5,RE,WA,"The code calculates the Least Common Multiple (LCM) of the input array elements and then divides the LCM by each element to get the corresponding B_i values. However, the code does not handle the edge case where the input array contains duplicate elements correctly. When the input array contains duplicates, the LCM calculation might result in an incorrect value, leading to incorrect B_i values and ultimately a wrong answer.",1,fenced_json,0,data/models/Qwen--Qwen2.5-Coder-7B-Instruct
s494552516,p02793,Python,E,G6,RE,WA,"The code attempts to calculate the LCM of the input array and then uses it to compute the sum of B_i values. However, the approach to calculating B_i values might lead to incorrect results due to integer division and rounding issues. Additionally, the code does not handle edge cases like when the input array contains zeros.",1,fenced_json,0,data/models/Qwen--Qwen2.5-Coder-7B-Instruct
s147083305,p02793,Python,E,G6,RE,WA,,1,token_fallback,0,data/models/Qwen--Qwen2.5-Coder-7B-Instruct
s233266099,p02793,Python,E,G5,RE,AC,,1,token_fallback,0,data/models/Qwen--Qwen2.5-Coder-7B-Instruct
s647069266,p02793,Python,E,G6,RE,AC,"The code calculates the LCM of all elements in the array and then divides each element by its GCD with the LCM to get the corresponding B_i. This approach ensures that the condition A_i * B_i = A_j * B_j holds for all pairs (i, j). The final result is the sum of these B_i values modulo 10^9 + 7. The code handles the constraints efficiently and should work correctly for all valid inputs.",1,fenced_json,0,data/models/Qwen--Qwen2.5-Coder-7B-Instruct
s661283322,p02793,Python,E,G5,RE,WA,,1,token_fallback,0,data/models/Qwen--Qwen2.5-Coder-7B-Instruct
s363737664,p02793,Python,E,G6,RE,AC,"The code correctly calculates the least common multiple (LCM) of the input array and then computes the sum of the LCM divided by each element in the array. This approach ensures that the product of each element in A and its corresponding element in B is constant, meeting the problem's requirement. The code handles edge cases well, including when all elements in A are the same, and it performs the calculations efficiently within the given constraints.",1,fenced_json,0,data/models/Qwen--Qwen2.5-Coder-7B-Instruct
s967600835,p02793,Python,E,G5,RE,WA,"The code calculates the least common multiple (LCM) of the input array and then divides each element by the LCM to get the corresponding B_i values. However, the division operation returns a float, which is then summed up without converting back to integer. This leads to potential precision issues when calculating the sum, especially for large inputs. Additionally, the code does not handle the modulo operation correctly for the final result.",1,fenced_json,0,data/models/Qwen--Qwen2.5-Coder-7B-Instruct
s630954055,p02793,Python,E,G6,RE,RE,"The provided code calculates the minimum possible value of B_1 + ... + B_N by finding the modular inverse of each A_i and multiplying it by the least common multiple (LCM) of all A_i modulo 10^9 + 7. However, the code does not handle edge cases where some A_i might be 1, which could lead to division by zero errors. Additionally, the code does not consider the possibility of very large numbers that could cause overflow issues when calculating the LCM.",1,fenced_json,0,data/models/Qwen--Qwen2.5-Coder-7B-Instruct
s732641911,p02793,Python,E,G6,RE,WA,"The provided code calculates the least common multiple (LCM) of all input numbers and then divides the LCM by each number to get the corresponding B_i value. This approach ensures that the condition A_i * B_i = A_j * B_j holds for all pairs (i, j). However, the code does not handle edge cases where the input numbers might have common factors that could lead to integer overflow when calculating the LCM. Additionally, the code does not explicitly check if the calculated B_i values are positive integers, which is necessary since B_i must be positive according to the problem statement.",1,fenced_json,0,data/models/Qwen--Qwen2.5-Coder-7B-Instruct
s305834900,p02793,Python,E,G5,RE,AC,,1,token_fallback,0,data/models/Qwen--Qwen2.5-Coder-7B-Instruct
s423211168,p02793,Python,E,G6,RE,WA,,1,token_fallback,0,data/models/Qwen--Qwen2.5-Coder-7B-Instruct
s533164066,p02793,Python,E,G6,RE,AC,,1,token_fallback,0,data/models/Qwen--Qwen2.5-Coder-7B-Instruct
